{"lr": 0.6057142857142856, "best_loss_epoch": 4, "best_acc_epoch": 4, "best_r2_epoch": 4, "pce_loss": [4.75000464272622e+30, 4.734878562871202e+30, 4.734824463440774e+30, 4.7333133061662557e+30, 4.7332761316973025e+30], "voc_loss": [9.50000928545244e+30, 9.469757125742403e+30, 9.469648926881548e+30, 9.466626612332511e+30, 9.466552263394605e+30], "jsc_loss": [4.75000464272622e+30, 4.734878562871202e+30, 4.734824463440774e+30, 4.7333133061662557e+30, 4.7332761316973025e+30], "ff_loss": [0.0, 0.0, 0.0, 0.0, 0.0], "test_losses": [1.900001857090488e+31, 1.8939514251484807e+31, 1.8939297853763096e+31, 1.8933253224665023e+31, 1.893310452678921e+31], "pce_acc": [2.6077852574364467e+17, 2.6036419883853414e+17, 2.603626354704384e+17, 2.603210773668823e+17, 2.6032002939486208e+17], "voc_acc": [2.5809032289294746e+17, 2.5768056583303987e+17, 2.5767886502599066e+17, 2.5763775359903334e+17, 2.5763667126727475e+17], "jsc_acc": [2.4960058129802854e+17, 2.4920384657896243e+17, 2.4920231757060506e+17, 2.4916251181370573e+17, 2.4916149820142387e+17], "ff_acc": [2.4001495302773146e+17, 2.3963380045001523e+17, 2.396323401611346e+17, 2.3959416649180774e+17, 2.3959317005939507e+17], "test_accs": [1.0084843829623521e+18, 1.0068824117005517e+18, 1.0068761582281687e+18, 1.0067155092714291e+18, 1.0067113689229558e+18], "pce_r2": [-2.3305467045664388e+32, -2.3231244602180907e+32, -2.323098302371978e+32, -2.3223572449566947e+32, -2.3223387906259198e+32], "voc_r2": [-5.877285801348154e+33, -5.858568025284191e+33, -5.858502059158195e+33, -5.85663322459835e+33, -5.856586685571252e+33], "jsc_r2": [-4.5468189176584275e+32, -4.532338366400463e+32, -4.532287333314828e+32, -4.530841555005268e+32, -4.530805551221213e+32], "ff_r2": [-4.7435317717777336e+32, -4.728424736241693e+32, -4.7283714952687175e+32, -4.726863167035166e+32, -4.726825605589095e+32], "test_r2s": [-7.039375540748415e+33, -7.016956781570215e+33, -7.016877772253748e+33, -7.014639421298063e+33, -7.014583680314876e+33], "train_pce_loss": [11.262170791625977, 6.811751163520879e+30, 6.826544788775504e+30, 6.815501855876234e+30, 6.766667901855811e+30], "train_voc_loss": [22.045154571533203, 1.3623502327041759e+31, 1.3653089577551007e+31, 1.3631003711752468e+31, 1.3533335803711621e+31], "train_jsc_loss": [11.042207717895508, 6.811751163520879e+30, 6.826544788775504e+30, 6.815501855876234e+30, 6.766667901855811e+30], "train_ff_loss": [0.0, 0.0, 0.0, 0.0, 0.0]}